player_url,country_name
https://www.transfermarkt.com/aaron-ramsdale/profil/spieler/427568,england
https://www.transfermarkt.com/jordan-pickford/profil/spieler/130164,england
https://www.transfermarkt.com/nick-pope/profil/spieler/192080,england
https://www.transfermarkt.com/fikayo-tomori/profil/spieler/303254,england
https://www.transfermarkt.com/ben-white/profil/spieler/335721,england
https://www.transfermarkt.com/harry-maguire/profil/spieler/177907,england
https://www.transfermarkt.com/marc-guehi/profil/spieler/392757,england
https://www.transfermarkt.com/john-stones/profil/spieler/186590,england
https://www.transfermarkt.com/conor-coady/profil/spieler/128901,england
https://www.transfermarkt.com/trent-alexander-arnold/profil/spieler/314353,england
https://www.transfermarkt.com/reece-james/profil/spieler/472423,england
https://www.transfermarkt.com/james-justin/profil/spieler/413220,england
https://www.transfermarkt.com/kyle-walker/profil/spieler/95424,england
https://www.transfermarkt.com/kieran-trippier/profil/spieler/95810,england
https://www.transfermarkt.com/declan-rice/profil/spieler/357662,england
https://www.transfermarkt.com/kalvin-phillips/profil/spieler/351749,england
https://www.transfermarkt.com/phil-foden/profil/spieler/406635,england
https://www.transfermarkt.com/jude-bellingham/profil/spieler/581678,england
https://www.transfermarkt.com/james-ward-prowse/profil/spieler/181579,england
https://www.transfermarkt.com/conor-gallagher/profil/spieler/488362,england
https://www.transfermarkt.com/bukayo-saka/profil/spieler/433177,england
https://www.transfermarkt.com/mason-mount/profil/spieler/346483,england
https://www.transfermarkt.com/raheem-sterling/profil/spieler/134425,england
https://www.transfermarkt.com/jack-grealish/profil/spieler/203460,england
https://www.transfermarkt.com/jarrod-bowen/profil/spieler/314875,england
https://www.transfermarkt.com/harry-kane/profil/spieler/132098,england
https://www.transfermarkt.com/tammy-abraham/profil/spieler/331726,england
https://www.transfermarkt.com/mike-maignan/profil/spieler/182906,frankreich
https://www.transfermarkt.com/alphonse-areola/profil/spieler/120629,frankreich
https://www.transfermarkt.com/hugo-lloris/profil/spieler/17965,frankreich
https://www.transfermarkt.com/jules-kounde/profil/spieler/411975,frankreich
https://www.transfermarkt.com/lucas-hernandez/profil/spieler/281963,frankreich
https://www.transfermarkt.com/raphael-varane/profil/spieler/164770,frankreich
https://www.transfermarkt.com/presnel-kimpembe/profil/spieler/282041,frankreich
https://www.transfermarkt.com/ibrahima-konate/profil/spieler/357119,frankreich
https://www.transfermarkt.com/william-saliba/profil/spieler/495666,frankreich
https://www.transfermarkt.com/theo-hernandez/profil/spieler/339808,frankreich
https://www.transfermarkt.com/lucas-digne/profil/spieler/126664,frankreich
https://www.transfermarkt.com/benjamin-pavard/profil/spieler/353366,frankreich
https://www.transfermarkt.com/jonathan-clauss/profil/spieler/175639,frankreich
https://www.transfermarkt.com/aurelien-tchouameni/profil/spieler/413112,frankreich
https://www.transfermarkt.com/ngolo-kante/profil/spieler/225083,frankreich
https://www.transfermarkt.com/boubacar-kamara/profil/spieler/394327,frankreich
https://www.transfermarkt.com/matteo-guendouzi/profil/spieler/465830,frankreich
https://www.transfermarkt.com/adrien-rabiot/profil/spieler/182913,frankreich
https://www.transfermarkt.com/moussa-diaby/profil/spieler/395516,frankreich
https://www.transfermarkt.com/kingsley-coman/profil/spieler/243714,frankreich
https://www.transfermarkt.com/christopher-nkunku/profil/spieler/344381,frankreich
https://www.transfermarkt.com/antoine-griezmann/profil/spieler/125781,frankreich
https://www.transfermarkt.com/kylian-mbappe/profil/spieler/342229,frankreich
https://www.transfermarkt.com/karim-benzema/profil/spieler/18922,frankreich
https://www.transfermarkt.com/wissam-ben-yedder/profil/spieler/146854,frankreich
https://www.transfermarkt.com/alisson/profil/spieler/105470,brasilien
https://www.transfermarkt.com/ederson/profil/spieler/238223,brasilien
https://www.transfermarkt.com/weverton/profil/spieler/69400,brasilien
https://www.transfermarkt.com/marquinhos/profil/spieler/181767,brasilien
https://www.transfermarkt.com/eder-militao/profil/spieler/401530,brasilien
https://www.transfermarkt.com/bremer/profil/spieler/516716,brasilien
https://www.transfermarkt.com/roger-ibanez/profil/spieler/524481,brasilien
https://www.transfermarkt.com/thiago-silva/profil/spieler/29241,brasilien
https://www.transfermarkt.com/alex-telles/profil/spieler/255755,brasilien
https://www.transfermarkt.com/alex-sandro/profil/spieler/79960,brasilien
https://www.transfermarkt.com/danilo/profil/spieler/145707,brasilien
https://www.transfermarkt.com/fabinho/profil/spieler/225693,brasilien
https://www.transfermarkt.com/casemiro/profil/spieler/16306,brasilien
https://www.transfermarkt.com/bruno-guimaraes/profil/spieler/520624,brasilien
https://www.transfermarkt.com/fred/profil/spieler/191614,brasilien
https://www.transfermarkt.com/lucas-paqueta/profil/spieler/444523,brasilien
https://www.transfermarkt.com/everton-ribeiro/profil/spieler/52896,brasilien
https://www.transfermarkt.com/vinicius-junior/profil/spieler/371998,brasilien
https://www.transfermarkt.com/neymar/profil/spieler/68290,brasilien
https://www.transfermarkt.com/rodrygo/profil/spieler/412363,brasilien
https://www.transfermarkt.com/raphinha/profil/spieler/411295,brasilien
https://www.transfermarkt.com/antony/profil/spieler/602105,brasilien
https://www.transfermarkt.com/richarlison/profil/spieler/378710,brasilien
https://www.transfermarkt.com/roberto-firmino/profil/spieler/131789,brasilien
https://www.transfermarkt.com/matheus-cunha/profil/spieler/517894,brasilien
https://www.transfermarkt.com/pedro/profil/spieler/432895,brasilien
https://www.transfermarkt.com/manuel-neuer/profil/spieler/17259,deutschland
https://www.transfermarkt.com/kevin-trapp/profil/spieler/45672,deutschland
https://www.transfermarkt.com/oliver-baumann/profil/spieler/55089,deutschland
https://www.transfermarkt.com/antonio-rudiger/profil/spieler/86202,deutschland
https://www.transfermarkt.com/niklas-sule/profil/spieler/166601,deutschland
https://www.transfermarkt.com/nico-schlotterbeck/profil/spieler/388198,deutschland
https://www.transfermarkt.com/jonathan-tah/profil/spieler/196357,deutschland
https://www.transfermarkt.com/thilo-kehrer/profil/spieler/228948,deutschland
https://www.transfermarkt.com/lukas-klostermann/profil/spieler/215599,deutschland
https://www.transfermarkt.com/david-raum/profil/spieler/318204,deutschland
https://www.transfermarkt.com/benjamin-henrichs/profil/spieler/202591,deutschland
https://www.transfermarkt.com/joshua-kimmich/profil/spieler/161056,deutschland
https://www.transfermarkt.com/anton-stach/profil/spieler/344069,deutschland
https://www.transfermarkt.com/leon-goretzka/profil/spieler/153084,deutschland
https://www.transfermarkt.com/ilkay-gundogan/profil/spieler/53622,deutschland
https://www.transfermarkt.com/kai-havertz/profil/spieler/309400,deutschland
https://www.transfermarkt.com/jamal-musiala/profil/spieler/580195,deutschland
https://www.transfermarkt.com/julian-brandt/profil/spieler/187492,deutschland
https://www.transfermarkt.com/leroy-sane/profil/spieler/192565,deutschland
https://www.transfermarkt.com/serge-gnabry/profil/spieler/159471,deutschland
https://www.transfermarkt.com/jonas-hofmann/profil/spieler/7161,deutschland
https://www.transfermarkt.com/thomas-muller/profil/spieler/58358,deutschland
https://www.transfermarkt.com/timo-werner/profil/spieler/170527,deutschland
https://www.transfermarkt.com/karim-adeyemi/profil/spieler/496094,deutschland
https://www.transfermarkt.com/lukas-nmecha/profil/spieler/314288,deutschland
https://www.transfermarkt.com/diogo-costa/profil/spieler/357153,portugal
https://www.transfermarkt.com/rui-silva/profil/spieler/234811,portugal
https://www.transfermarkt.com/rui-patricio/profil/spieler/45026,portugal
https://www.transfermarkt.com/david-carmo/profil/spieler/498237,portugal
https://www.transfermarkt.com/domingos-duarte/profil/spieler/257376,portugal
https://www.transfermarkt.com/pepe/profil/spieler/14132,portugal
https://www.transfermarkt.com/nuno-mendes/profil/spieler/616341,portugal
https://www.transfermarkt.com/joao-cancelo/profil/spieler/182712,portugal
https://www.transfermarkt.com/diogo-dalot/profil/spieler/357147,portugal
https://www.transfermarkt.com/jose-perides/profil/spieler/251219,portugal
https://www.transfermarkt.com/ruben-neves/profil/spieler/225161,portugal
https://www.transfermarkt.com/joao-palhinha/profil/spieler/257455,portugal
https://www.transfermarkt.com/william-carvalho/profil/spieler/100131,portugal
https://www.transfermarkt.com/danilo-pereira/profil/spieler/141050,portugal
https://www.transfermarkt.com/matheus-nunes/profil/spieler/601883,portugal
https://www.transfermarkt.com/vitinha/profil/spieler/487469,portugal
https://www.transfermarkt.com/otavio/profil/spieler/231289,portugal
https://www.transfermarkt.com/bruno-fernandes/profil/spieler/240306,portugal
https://www.transfermarkt.com/bernardo-silva/profil/spieler/241641,portugal
https://www.transfermarkt.com/rafael-leao/profil/spieler/357164,portugal
https://www.transfermarkt.com/diogo-jota/profil/spieler/340950,portugal
https://www.transfermarkt.com/goncalo-guedes/profil/spieler/225122,portugal
https://www.transfermarkt.com/ricardo-horta/profil/spieler/261927,portugal
https://www.transfermarkt.com/andre-silva/profil/spieler/198008,portugal
https://www.transfermarkt.com/unai-simon/profil/spieler/262396,spanien
https://www.transfermarkt.com/david-raya/profil/spieler/262749,spanien
https://www.transfermarkt.com/robert-sanchez/profil/spieler/403151,spanien
https://www.transfermarkt.com/pau-torres/profil/spieler/399776,spanien
https://www.transfermarkt.com/inigo-martinez/profil/spieler/158863,spanien
https://www.transfermarkt.com/eric-garcia/profil/spieler/466794,spanien
https://www.transfermarkt.com/diego-llorente/profil/spieler/246291,spanien
https://www.transfermarkt.com/marcos-alonso/profil/spieler/112515,spanien
https://www.transfermarkt.com/jordi-alba/profil/spieler/69751,spanien
https://www.transfermarkt.com/daniel-carvajal/profil/spieler/138927,spanien
https://www.transfermarkt.com/cesar-azpilicueta/profil/spieler/57500,spanien
https://www.transfermarkt.com/rodri/profil/spieler/357565,spanien
https://www.transfermarkt.com/sergio-busquets/profil/spieler/65230,spanien
https://www.transfermarkt.com/gavi/profil/spieler/646740,spanien
https://www.transfermarkt.com/carlos-soler/profil/spieler/372246,spanien
https://www.transfermarkt.com/marcos-llorente/profil/spieler/282411,spanien
https://www.transfermarkt.com/koke/profil/spieler/74229,spanien
https://www.transfermarkt.com/dani-olmo/profil/spieler/293385,spanien
https://www.transfermarkt.com/ansu-fati/profil/spieler/466810,spanien
https://www.transfermarkt.com/ferran-torres/profil/spieler/398184,spanien
https://www.transfermarkt.com/marco-asensio/profil/spieler/296622,spanien
https://www.transfermarkt.com/pablo-sarabia/profil/spieler/74230,spanien
https://www.transfermarkt.com/alvaro-morata/profil/spieler/128223,spanien
https://www.transfermarkt.com/raul-de-tomas/profil/spieler/162038,spanien
https://www.transfermarkt.com/emiliano-martinez/profil/spieler/111873,argentinien
https://www.transfermarkt.com/juan-musso/profil/spieler/242359,argentinien
https://www.transfermarkt.com/geronimo-rulli/profil/spieler/229604,argentinien
https://www.transfermarkt.com/franco-armani/profil/spieler/119634,argentinien
https://www.transfermarkt.com/cristian-romero/profil/spieler/355915,argentinien
https://www.transfermarkt.com/lisandro-martinez/profil/spieler/480762,argentinien
https://www.transfermarkt.com/lucas-martinez-quarta/profil/spieler/373373,argentinien
https://www.transfermarkt.com/facundo-medina/profil/spieler/474800,argentinien
https://www.transfermarkt.com/nehuen-perez/profil/spieler/491693,argentinien
https://www.transfermarkt.com/german-pezzella/profil/spieler/113133,argentinien
https://www.transfermarkt.com/nicolas-otamendi/profil/spieler/54781,argentinien
https://www.transfermarkt.com/marcos-acuna/profil/spieler/60410,argentinien
https://www.transfermarkt.com/nicolas-tagliafico/profil/spieler/131225,argentinien
https://www.transfermarkt.com/nahuel-molina/profil/spieler/424042,argentinien
https://www.transfermarkt.com/gonzalo-montiel/profil/spieler/402733,argentinien
https://www.transfermarkt.com/guido-rodriguez/profil/spieler/342385,argentinien
https://www.transfermarkt.com/leandro-paredes/profil/spieler/166237,argentinien
https://www.transfermarkt.com/rodrigo-de-paul/profil/spieler/255901,argentinien
https://www.transfermarkt.com/giovani-lo-celso/profil/spieler/348795,argentinien
https://www.transfermarkt.com/enzo-fernandez/profil/spieler/648195,argentinien
https://www.transfermarkt.com/exequiel-palacios/profil/spieler/401578,argentinien
https://www.transfermarkt.com/alexis-mac-allister/profil/spieler/534033,argentinien
https://www.transfermarkt.com/thiago-almada/profil/spieler/576028,argentinien
https://www.transfermarkt.com/papu-gomez/profil/spieler/20005,argentinien
https://www.transfermarkt.com/nicolas-gonzalez/profil/spieler/486031,argentinien
https://www.transfermarkt.com/lionel-messi/profil/spieler/28003,argentinien
https://www.transfermarkt.com/angel-correa/profil/spieler/266807,argentinien
https://www.transfermarkt.com/angel-di-maria/profil/spieler/45320,argentinien
https://www.transfermarkt.com/paulo-dybala/profil/spieler/206050,argentinien
https://www.transfermarkt.com/joaquin-correa/profil/spieler/227081,argentinien
https://www.transfermarkt.com/lautaro-martinez/profil/spieler/406625,argentinien
https://www.transfermarkt.com/julian-alvarez/profil/spieler/576024,argentinien
https://www.transfermarkt.com/mark-flekken/profil/spieler/125714,niederlande
https://www.transfermarkt.com/jasper-cillessen/profil/spieler/146227,niederlande
https://www.transfermarkt.com/kjell-scherpen/profil/spieler/463527,niederlande
https://www.transfermarkt.com/matthijs-de-ligt/profil/spieler/326031,niederlande
https://www.transfermarkt.com/jurrien-timber/profil/spieler/420243,niederlande
https://www.transfermarkt.com/stefan-de-vrij/profil/spieler/111196,niederlande
https://www.transfermarkt.com/nathan-ake/profil/spieler/177476,niederlande
https://www.transfermarkt.com/jordan-teze/profil/spieler/364245,niederlande
https://www.transfermarkt.com/bruno-martins-indi/profil/spieler/112052,niederlande
https://www.transfermarkt.com/tyrell-malacia/profil/spieler/339340,niederlande
https://www.transfermarkt.com/daley-blind/profil/spieler/12282,niederlande
https://www.transfermarkt.com/hans-hateboer/profil/spieler/275303,niederlande
https://www.transfermarkt.com/teun-koopmeiners/profil/spieler/360518,niederlande
https://www.transfermarkt.com/jerdy-schouten/profil/spieler/347900,niederlande
https://www.transfermarkt.com/frenkie-de-jong/profil/spieler/326330,niederlande
https://www.transfermarkt.com/denzel-dumfries/profil/spieler/321528,niederlande
https://www.transfermarkt.com/steven-berghuis/profil/spieler/129554,niederlande
https://www.transfermarkt.com/davy-klaassen/profil/spieler/182932,niederlande
https://www.transfermarkt.com/guus-til/profil/spieler/372267,niederlande
https://www.transfermarkt.com/cody-gakpo/profil/spieler/434675,niederlande
https://www.transfermarkt.com/noa-lang/profil/spieler/339332,niederlande
https://www.transfermarkt.com/steven-bergwijn/profil/spieler/284165,niederlande
https://www.transfermarkt.com/memphis-depay/profil/spieler/167850,niederlande
https://www.transfermarkt.com/wout-weghorst/profil/spieler/228645,niederlande
https://www.transfermarkt.com/vincent-janssen/profil/spieler/207015,niederlande
https://www.transfermarkt.com/sergio-rochet/profil/spieler/264014,uruguay
https://www.transfermarkt.com/fernando-muslera/profil/spieler/58088,uruguay
https://www.transfermarkt.com/sebastian-sosa/profil/spieler/76592,uruguay
https://www.transfermarkt.com/santiago-mele/profil/spieler/320739,uruguay
https://www.transfermarkt.com/guillermo-de-amores/profil/spieler/189425,uruguay
https://www.transfermarkt.com/gaston-olveira/profil/spieler/301722,uruguay
https://www.transfermarkt.com/jose-maria-gimenez/profil/spieler/250845,uruguay
https://www.transfermarkt.com/ronald-araujo/profil/spieler/480267,uruguay
https://www.transfermarkt.com/sebastian-coates/profil/spieler/102427,uruguay
https://www.transfermarkt.com/agustin-rogel/profil/spieler/456535,uruguay
https://www.transfermarkt.com/leandro-cabrera/profil/spieler/102423,uruguay
https://www.transfermarkt.com/sebastian-caceres/profil/spieler/532389,uruguay
https://www.transfermarkt.com/bruno-mendez/profil/spieler/552912,uruguay
https://www.transfermarkt.com/martin-caceres/profil/spieler/54935,uruguay
https://www.transfermarkt.com/mathias-olivera/profil/spieler/376514,uruguay
https://www.transfermarkt.com/matias-vina/profil/spieler/439072,uruguay
https://www.transfermarkt.com/joaquin-piquerez/profil/spieler/496268,uruguay
https://www.transfermarkt.com/guillermo-varela/profil/spieler/188862,uruguay
https://www.transfermarkt.com/damian-suarez/profil/spieler/76746,uruguay
https://www.transfermarkt.com/federico-pereira/profil/spieler/671479,uruguay
https://www.transfermarkt.com/lucas-torreira/profil/spieler/318077,uruguay
https://www.transfermarkt.com/manuel-ugarte/profil/spieler/476701,uruguay
https://www.transfermarkt.com/federico-valverde/profil/spieler/369081,uruguay
https://www.transfermarkt.com/rodrigo-bentancur/profil/spieler/354362,uruguay
https://www.transfermarkt.com/mauro-arambarri/profil/spieler/290249,uruguay
https://www.transfermarkt.com/nicolas-de-la-cruz/profil/spieler/397458,uruguay
https://www.transfermarkt.com/fernando-gorriaran/profil/spieler/310744,uruguay
https://www.transfermarkt.com/matias-vecino/profil/spieler/143812,uruguay
https://www.transfermarkt.com/giorgian-de-arrascaeta/profil/spieler/248410,uruguay
https://www.transfermarkt.com/rodrigo-zalazar/profil/spieler/606752,uruguay
https://www.transfermarkt.com/diego-rossi/profil/spieler/317454,uruguay
https://www.transfermarkt.com/facundo-torres/profil/spieler/465822,uruguay
https://www.transfermarkt.com/agustin-canobbio/profil/spieler/457533,uruguay
https://www.transfermarkt.com/facundo-pellistri/profil/spieler/676318,uruguay
https://www.transfermarkt.com/brian-ocampo/profil/spieler/598765,uruguay
https://www.transfermarkt.com/darwin-nunez/profil/spieler/546543,uruguay
https://www.transfermarkt.com/luis-suarez/profil/spieler/44352,uruguay
https://www.transfermarkt.com/maxi-gomez/profil/spieler/396894,uruguay
https://www.transfermarkt.com/martin-satriano/profil/spieler/640109,uruguay
https://www.transfermarkt.com/agustin-alvarez/profil/spieler/812625,uruguay
https://www.transfermarkt.com/edinson-cavani/profil/spieler/48280,uruguay
https://www.transfermarkt.com/predrag-rajkovi%C4%87/profil/spieler/190263,serbien
https://www.transfermarkt.com/marko-dmitrovi%C4%87/profil/spieler/94308,serbien
https://www.transfermarkt.com/vanja-milinkovi%C4%87-savi%C4%87/profil/spieler/257474,serbien
https://www.transfermarkt.com/nikola-milenkovi%C4%87/profil/spieler/413507,serbien
https://www.transfermarkt.com/strahinja-pavlovic/profil/spieler/574671,serbien
https://www.transfermarkt.com/strahinja-erakovic/profil/spieler/574660,serbien
https://www.transfermarkt.com/milos-veljkovic/profil/spieler/202228,serbien
https://www.transfermarkt.com/erhan-masovic/profil/spieler/343959,serbien
https://www.transfermarkt.com/stefan-mitrovi%C4%87/profil/spieler/143029,serbien
https://www.transfermarkt.com/mihailo-risti%C4%87/profil/spieler/271455,serbien
https://www.transfermarkt.com/aleksa-terzi%C4%87/profil/spieler/404260,serbien
https://www.transfermarkt.com/filip-mladenovic/profil/spieler/168063,serbien
https://www.transfermarkt.com/nemanja-maksimovi%C4%87/profil/spieler/273152,serbien
https://www.transfermarkt.com/uro-scaron-ra%C4%8Di%C4%87/profil/spieler/417575,serbien
https://www.transfermarkt.com/nemanja-gudelj/profil/spieler/74294,serbien
https://www.transfermarkt.com/sergej-milinkovi%C4%87-savi%C4%87/profil/spieler/266302,serbien
https://www.transfermarkt.com/sa-scaron-a-luki%C4%87/profil/spieler/245056,serbien
https://www.transfermarkt.com/ivan-ilic/profil/spieler/470794,serbien
https://www.transfermarkt.com/marko-grujic/profil/spieler/222813,serbien
https://www.transfermarkt.com/filip-kostic/profil/spieler/161011,serbien
https://www.transfermarkt.com/darko-lazovi%C4%87/profil/spieler/70411,serbien
https://www.transfermarkt.com/filip-djuricic/profil/spieler/94307,serbien
https://www.transfermarkt.com/dusan-tadi%C4%87/profil/spieler/36139,serbien
https://www.transfermarkt.com/nemanja-radonji%C4%87/profil/spieler/245078,serbien
https://www.transfermarkt.com/andrija-zivkovic/profil/spieler/206843,serbien
https://www.transfermarkt.com/du-scaron-an-vlahovi%C4%87/profil/spieler/357498,serbien
https://www.transfermarkt.com/aleksandar-mitrovi%C4%87/profil/spieler/51152,serbien
https://www.transfermarkt.com/luka-jovi%C4%87/profil/spieler/257462,serbien
https://www.transfermarkt.com/djordje-jovanovic/profil/spieler/376460,serbien
https://www.transfermarkt.com/dominik-livakovic/profil/spieler/205927,kroatien
https://www.transfermarkt.com/ivica-ivusic/profil/spieler/160482,kroatien
https://www.transfermarkt.com/lovre-kalinic/profil/spieler/46405,kroatien
https://www.transfermarkt.com/josko-gvardiol/profil/spieler/475959,kroatien
https://www.transfermarkt.com/josip-sutalo/profil/spieler/371001,kroatien
https://www.transfermarkt.com/martin-erlic/profil/spieler/357003,kroatien
https://www.transfermarkt.com/dejan-lovren/profil/spieler/37838,kroatien
https://www.transfermarkt.com/domagoj-vida/profil/spieler/46083,kroatien
https://www.transfermarkt.com/borna-sosa/profil/spieler/293194,kroatien
https://www.transfermarkt.com/borna-barisic/profil/spieler/39125,kroatien
https://www.transfermarkt.com/josip-juranovic/profil/spieler/362977,kroatien
https://www.transfermarkt.com/josip-stanisic/profil/spieler/483046,kroatien
https://www.transfermarkt.com/marcelo-brozovic/profil/spieler/156617,kroatien
https://www.transfermarkt.com/mateo-kovacic/profil/spieler/51471,kroatien
https://www.transfermarkt.com/luka-sucic/profil/spieler/502722,kroatien
https://www.transfermarkt.com/luka-modric/profil/spieler/27992,kroatien
https://www.transfermarkt.com/ivan-perisic/profil/spieler/42460,kroatien
https://www.transfermarkt.com/mario-pasalic/profil/spieler/205938,kroatien
https://www.transfermarkt.com/nikola-vlasic/profil/spieler/293200,kroatien
https://www.transfermarkt.com/lovro-majer/profil/spieler/387106,kroatien
https://www.transfermarkt.com/mislav-orsic/profil/spieler/119150,kroatien
https://www.transfermarkt.com/andrej-kramaric/profil/spieler/46580,kroatien
https://www.transfermarkt.com/marko-livaja/profil/spieler/95438,kroatien
https://www.transfermarkt.com/bruno-petkovic/profil/spieler/256358,kroatien
https://www.transfermarkt.com/ante-budimir/profil/spieler/46413,kroatien
https://www.transfermarkt.com/koen-casteels/profil/spieler/108880,belgien
https://www.transfermarkt.com/matz-sels/profil/spieler/127202,belgien
https://www.transfermarkt.com/simon-mignolet/profil/spieler/50219,belgien
https://www.transfermarkt.com/arthur-theate/profil/spieler/368891,belgien
https://www.transfermarkt.com/wout-faes/profil/spieler/292808,belgien
https://www.transfermarkt.com/brandon-mechele/profil/spieler/236168,belgien
https://www.transfermarkt.com/toby-alderweireld/profil/spieler/42710,belgien
https://www.transfermarkt.com/jan-vertonghen/profil/spieler/43250,belgien
https://www.transfermarkt.com/timothy-castagne/profil/spieler/262226,belgien
https://www.transfermarkt.com/thomas-foket/profil/spieler/215114,belgien
https://www.transfermarkt.com/leander-dendoncker/profil/spieler/168157,belgien
https://www.transfermarkt.com/axel-witsel/profil/spieler/35047,belgien
https://www.transfermarkt.com/youri-tielemans/profil/spieler/249565,belgien
https://www.transfermarkt.com/dennis-praet/profil/spieler/129588,belgien
https://www.transfermarkt.com/charles-de-ketelaere/profil/spieler/435772,belgien
https://www.transfermarkt.com/hans-vanaken/profil/spieler/137576,belgien
https://www.transfermarkt.com/leandro-trossard/profil/spieler/144028,belgien
https://www.transfermarkt.com/thorgan-hazard/profil/spieler/102226,belgien
https://www.transfermarkt.com/eden-hazard/profil/spieler/50202,belgien
https://www.transfermarkt.com/alexis-saelemaekers/profil/spieler/381950,belgien
https://www.transfermarkt.com/adnan-januzaj/profil/spieler/177847,belgien
https://www.transfermarkt.com/michy-batshuayi/profil/spieler/179184,belgien
https://www.transfermarkt.com/lois-openda/profil/spieler/368887,belgien
https://www.transfermarkt.com/dries-mertens/profil/spieler/56416,belgien
https://www.transfermarkt.com/edouard-mendy/profil/spieler/442531,senegal
https://www.transfermarkt.com/alfred-gomis/profil/spieler/163568,senegal
https://www.transfermarkt.com/seny-dieng/profil/spieler/250870,senegal
https://www.transfermarkt.com/kalidou-koulibaly/profil/spieler/93128,senegal
https://www.transfermarkt.com/abdou-diallo/profil/spieler/229005,senegal
https://www.transfermarkt.com/pape-abou-cisse/profil/spieler/364234,senegal
https://www.transfermarkt.com/abdoulaye-seck/profil/spieler/265383,senegal
https://www.transfermarkt.com/alpha-diounkou/profil/spieler/554175,senegal
https://www.transfermarkt.com/fode-ballo-toure/profil/spieler/296422,senegal
https://www.transfermarkt.com/saliou-ciss/profil/spieler/149444,senegal
https://www.transfermarkt.com/youssouf-sabaly/profil/spieler/135492,senegal
https://www.transfermarkt.com/pape-gueye/profil/spieler/485963,senegal
https://www.transfermarkt.com/nampalys-mendy/profil/spieler/111051,senegal
https://www.transfermarkt.com/cheikhou-kouyate/profil/spieler/66934,senegal
https://www.transfermarkt.com/mamadou-loum/profil/spieler/364237,senegal
https://www.transfermarkt.com/moustapha-name/profil/spieler/586262,senegal
https://www.transfermarkt.com/pape-matar-sarr/profil/spieler/568693,senegal
https://www.transfermarkt.com/idrissa-gueye/profil/spieler/126665,senegal
https://www.transfermarkt.com/iliman-ndiaye/profil/spieler/623570,senegal
https://www.transfermarkt.com/sadio-mane/profil/spieler/200512,senegal
https://www.transfermarkt.com/ismaila-sarr/profil/spieler/410225,senegal
https://www.transfermarkt.com/demba-seck/profil/spieler/551752,senegal
https://www.transfermarkt.com/boulaye-dia/profil/spieler/626913,senegal
https://www.transfermarkt.com/habib-diallo/profil/spieler/344888,senegal
https://www.transfermarkt.com/famara-diedhiou/profil/spieler/237125,senegal
https://www.transfermarkt.com/keita-balde/profil/spieler/238752,senegal
https://www.transfermarkt.com/kasper-schmeichel/profil/spieler/16911,danemark
https://www.transfermarkt.com/daniel-iversen/profil/spieler/260841,danemark
https://www.transfermarkt.com/peter-vindahl/profil/spieler/395421,danemark
https://www.transfermarkt.com/andreas-christensen/profil/spieler/196948,danemark
https://www.transfermarkt.com/joachim-andersen/profil/spieler/260827,danemark
https://www.transfermarkt.com/victor-nelsson/profil/spieler/422951,danemark
https://www.transfermarkt.com/jannik-vestergaard/profil/spieler/99331,danemark
https://www.transfermarkt.com/nicolai-boilesen/profil/spieler/69642,danemark
https://www.transfermarkt.com/rasmus-kristensen/profil/spieler/369684,danemark
https://www.transfermarkt.com/joakim-maehle/profil/spieler/369674,danemark
https://www.transfermarkt.com/jens-stryger-larsen/profil/spieler/69646,danemark
https://www.transfermarkt.com/morten-hjulmand/profil/spieler/461496,danemark
https://www.transfermarkt.com/pierre-emile-hojbjerg/profil/spieler/167799,danemark
https://www.transfermarkt.com/christian-eriksen/profil/spieler/69633,danemark
https://www.transfermarkt.com/philip-billing/profil/spieler/320411,danemark
https://www.transfermarkt.com/mathias-jensen/profil/spieler/319859,danemark
https://www.transfermarkt.com/daniel-wass/profil/spieler/63463,danemark
https://www.transfermarkt.com/andreas-skov-olsen/profil/spieler/432982,danemark
https://www.transfermarkt.com/mikkel-damsgaard/profil/spieler/540941,danemark
https://www.transfermarkt.com/robert-skov/profil/spieler/270393,danemark
https://www.transfermarkt.com/jonas-wind/profil/spieler/391004,danemark
https://www.transfermarkt.com/andreas-cornelius/profil/spieler/203412,danemark
https://www.transfermarkt.com/martin-braithwaite/profil/spieler/95732,danemark
https://www.transfermarkt.com/wojciech-szczesny/profil/spieler/44058,polen
https://www.transfermarkt.com/bartlomiej-dragowski/profil/spieler/208166,polen
https://www.transfermarkt.com/lukasz-skorupski/profil/spieler/80894,polen
https://www.transfermarkt.com/radoslaw-majecki/profil/spieler/346546,polen
https://www.transfermarkt.com/jan-bednarek/profil/spieler/243028,polen
https://www.transfermarkt.com/pawel-dawidowicz/profil/spieler/248732,polen
https://www.transfermarkt.com/jakub-kiwior/profil/spieler/425918,polen
https://www.transfermarkt.com/mateusz-wieteska/profil/spieler/208172,polen
https://www.transfermarkt.com/kamil-glik/profil/spieler/46552,polen
https://www.transfermarkt.com/arkadiusz-reca/profil/spieler/268178,polen
https://www.transfermarkt.com/tomasz-kedziora/profil/spieler/181118,polen
https://www.transfermarkt.com/bartosz-bereszynski/profil/spieler/144143,polen
https://www.transfermarkt.com/robert-gumny/profil/spieler/353826,polen
https://www.transfermarkt.com/grzegorz-krychowiak/profil/spieler/45184,polen
https://www.transfermarkt.com/szymon-zurkowski/profil/spieler/387234,polen
https://www.transfermarkt.com/karol-linetty/profil/spieler/225873,polen
https://www.transfermarkt.com/mateusz-klich/profil/spieler/92738,polen
https://www.transfermarkt.com/damian-szymanski/profil/spieler/259881,polen
https://www.transfermarkt.com/jakub-piotrowski/profil/spieler/377243,polen
https://www.transfermarkt.com/przemyslaw-frankowski/profil/spieler/239743,polen
https://www.transfermarkt.com/piotr-zielinski/profil/spieler/181136,polen
https://www.transfermarkt.com/sebastian-szymanski/profil/spieler/320748,polen
https://www.transfermarkt.com/mateusz-legowski/profil/spieler/570466,polen
https://www.transfermarkt.com/nicola-zalewski/profil/spieler/550108,polen
https://www.transfermarkt.com/jakub-kaminski/profil/spieler/407098,polen
https://www.transfermarkt.com/kamil-grosicki/profil/spieler/37920,polen
https://www.transfermarkt.com/michal-skoras/profil/spieler/393565,polen
https://www.transfermarkt.com/robert-lewandowski/profil/spieler/38253,polen
https://www.transfermarkt.com/arkadiusz-milik/profil/spieler/191891,polen
https://www.transfermarkt.com/krzysztof-piatek/profil/spieler/327757,polen
https://www.transfermarkt.com/karol-swiderski/profil/spieler/330126,polen
https://www.transfermarkt.com/gregor-kobel/profil/spieler/257814,schweiz
https://www.transfermarkt.com/jonas-omlin/profil/spieler/247915,schweiz
https://www.transfermarkt.com/yann-sommer/profil/spieler/42205,schweiz
https://www.transfermarkt.com/yvon-mvogo/profil/spieler/147051,schweiz
https://www.transfermarkt.com/manuel-akanji/profil/spieler/284730,schweiz
https://www.transfermarkt.com/nico-elvedi/profil/spieler/192635,schweiz
https://www.transfermarkt.com/fabian-schar/profil/spieler/135343,schweiz
https://www.transfermarkt.com/leonidas-stergiou/profil/spieler/507345,schweiz
https://www.transfermarkt.com/ricardo-rodriguez/profil/spieler/86784,schweiz
https://www.transfermarkt.com/eray-comert/profil/spieler/298583,schweiz
https://www.transfermarkt.com/kevin-mbabu/profil/spieler/183321,schweiz
https://www.transfermarkt.com/jordan-lotomba/profil/spieler/313094,schweiz
https://www.transfermarkt.com/silvan-widmer/profil/spieler/168989,schweiz
https://www.transfermarkt.com/granit-xhaka/profil/spieler/111455,schweiz
https://www.transfermarkt.com/fabian-frei/profil/spieler/52595,schweiz
https://www.transfermarkt.com/djibril-sow/profil/spieler/212723,schweiz
https://www.transfermarkt.com/remo-freuler/profil/spieler/148252,schweiz
https://www.transfermarkt.com/michel-aebischer/profil/spieler/237658,schweiz
https://www.transfermarkt.com/mattia-bottani/profil/spieler/86484,schweiz
https://www.transfermarkt.com/ruben-vargas/profil/spieler/345886,schweiz
https://www.transfermarkt.com/steven-zuber/profil/spieler/68033,schweiz
https://www.transfermarkt.com/xherdan-shaqiri/profil/spieler/86792,schweiz
https://www.transfermarkt.com/renato-steffen/profil/spieler/194638,schweiz
https://www.transfermarkt.com/noah-okafor/profil/spieler/346890,schweiz
https://www.transfermarkt.com/breel-embolo/profil/spieler/237662,schweiz
https://www.transfermarkt.com/haris-seferovic/profil/spieler/109256,schweiz
https://www.transfermarkt.com/zeki-amdouni/profil/spieler/548729,schweiz
https://www.transfermarkt.com/mario-gavranovic/profil/spieler/61380,schweiz
https://www.transfermarkt.com/bono/profil/spieler/207834,marokko
https://www.transfermarkt.com/ahmed-reda-tagnaouti/profil/spieler/238997,marokko
https://www.transfermarkt.com/munir/profil/spieler/97925,marokko
https://www.transfermarkt.com/anas-zniti/profil/spieler/216954,marokko
https://www.transfermarkt.com/romain-saiss/profil/spieler/204198,marokko
https://www.transfermarkt.com/achraf-dari/profil/spieler/566823,marokko
https://www.transfermarkt.com/badr-benoun/profil/spieler/245193,marokko
https://www.transfermarkt.com/samy-mmaee/profil/spieler/331840,marokko
https://www.transfermarkt.com/jawad-el-yamiq/profil/spieler/235412,marokko
https://www.transfermarkt.com/yahia-attiat-allah/profil/spieler/366746,marokko
https://www.transfermarkt.com/hamza-el-moussaoui/profil/spieler/348772,marokko
https://www.transfermarkt.com/achraf-hakimi/profil/spieler/398073,marokko
https://www.transfermarkt.com/noussair-mazraoui/profil/spieler/340456,marokko
https://www.transfermarkt.com/sofyan-amrabat/profil/spieler/287579,marokko
https://www.transfermarkt.com/yahya-jabrane/profil/spieler/255749,marokko
https://www.transfermarkt.com/azzedine-ounahi/profil/spieler/593482,marokko
https://www.transfermarkt.com/hakim-ziyech/profil/spieler/217111,marokko
https://www.transfermarkt.com/amine-harit/profil/spieler/372711,marokko
https://www.transfermarkt.com/selim-amallah/profil/spieler/377219,marokko
https://www.transfermarkt.com/ilias-chair/profil/spieler/380473,marokko
https://www.transfermarkt.com/abdelhamid-sabiri/profil/spieler/340394,marokko
https://www.transfermarkt.com/younes-belhanda/profil/spieler/118022,marokko
https://www.transfermarkt.com/sofiane-boufal/profil/spieler/232271,marokko
https://www.transfermarkt.com/ez-abde/profil/spieler/724520,marokko
https://www.transfermarkt.com/soufiane-rahimi/profil/spieler/598506,marokko
https://www.transfermarkt.com/zakaria-aboukhlal/profil/spieler/393238,marokko
https://www.transfermarkt.com/youssef-en-nesyri/profil/spieler/433049,marokko
https://www.transfermarkt.com/munir-el-haddadi/profil/spieler/223725,marokko
https://www.transfermarkt.com/ayoub-el-kaabi/profil/spieler/521127,marokko
https://www.transfermarkt.com/ryan-mmaee/profil/spieler/249543,marokko
https://www.transfermarkt.com/walid-cheddira/profil/spieler/521407,marokko
https://www.transfermarkt.com/matt-turner/profil/spieler/425306,vereinigte-staaten
https://www.transfermarkt.com/sean-johnson/profil/spieler/126630,vereinigte-staaten
https://www.transfermarkt.com/ethan-horvath/profil/spieler/242284,vereinigte-staaten
https://www.transfermarkt.com/cameron-carter-vickers/profil/spieler/341049,vereinigte-staaten
https://www.transfermarkt.com/walker-zimmerman/profil/spieler/245337,vereinigte-staaten
https://www.transfermarkt.com/erik-palmer-brown/profil/spieler/282199,vereinigte-staaten
https://www.transfermarkt.com/aaron-long/profil/spieler/271072,vereinigte-staaten
https://www.transfermarkt.com/antonee-robinson/profil/spieler/349701,vereinigte-staaten
https://www.transfermarkt.com/george-bello/profil/spieler/504147,vereinigte-staaten
https://www.transfermarkt.com/joe-scally/profil/spieler/504153,vereinigte-staaten
https://www.transfermarkt.com/reggie-cannon/profil/spieler/478940,vereinigte-staaten
https://www.transfermarkt.com/deandre-yedlin/profil/spieler/255916,vereinigte-staaten
https://www.transfermarkt.com/tyler-adams/profil/spieler/332705,vereinigte-staaten
https://www.transfermarkt.com/kellyn-acosta/profil/spieler/189895,vereinigte-staaten
https://www.transfermarkt.com/weston-mckennie/profil/spieler/332697,vereinigte-staaten
https://www.transfermarkt.com/yunus-musah/profil/spieler/503991,vereinigte-staaten
https://www.transfermarkt.com/cristian-roldan/profil/spieler/354792,vereinigte-staaten
https://www.transfermarkt.com/luca-de-la-torre/profil/spieler/315762,vereinigte-staaten
https://www.transfermarkt.com/brenden-aaronson/profil/spieler/393323,vereinigte-staaten
https://www.transfermarkt.com/malik-tillman/profil/spieler/467437,vereinigte-staaten
https://www.transfermarkt.com/jordan-morris/profil/spieler/337807,vereinigte-staaten
https://www.transfermarkt.com/christian-pulisic/profil/spieler/315779,vereinigte-staaten
https://www.transfermarkt.com/paul-arriola/profil/spieler/189876,vereinigte-staaten
https://www.transfermarkt.com/timothy-weah/profil/spieler/370846,vereinigte-staaten
https://www.transfermarkt.com/jesus-ferreira/profil/spieler/474249,vereinigte-staaten
https://www.transfermarkt.com/haji-wright/profil/spieler/315291,vereinigte-staaten
https://www.transfermarkt.com/richard-ofori/profil/spieler/274756,ghana
https://www.transfermarkt.com/abdul-nurudeen/profil/spieler/511168,ghana
https://www.transfermarkt.com/joe-wollacott/profil/spieler/418144,ghana
https://www.transfermarkt.com/mohammed-salisu/profil/spieler/563963,ghana
https://www.transfermarkt.com/alexander-djiku/profil/spieler/250844,ghana
https://www.transfermarkt.com/daniel-amartey/profil/spieler/214056,ghana
https://www.transfermarkt.com/joseph-aidoo/profil/spieler/358250,ghana
https://www.transfermarkt.com/alidu-seidu/profil/spieler/798404,ghana
https://www.transfermarkt.com/stephan-ambrosius/profil/spieler/327536,ghana
https://www.transfermarkt.com/gideon-mensah/profil/spieler/397171,ghana
https://www.transfermarkt.com/abdul-rahman-baba/profil/spieler/224884,ghana
https://www.transfermarkt.com/tariq-lamptey/profil/spieler/504148,ghana
https://www.transfermarkt.com/denis-odoi/profil/spieler/59641,ghana
https://www.transfermarkt.com/thomas-partey/profil/spieler/230784,ghana
https://www.transfermarkt.com/elisha-owusu/profil/spieler/395695,ghana
https://www.transfermarkt.com/mohammed-kudus/profil/spieler/543499,ghana
https://www.transfermarkt.com/iddrisu-baba/profil/spieler/442805,ghana
https://www.transfermarkt.com/daniel-kofi-kyereh/profil/spieler/272587,ghana
https://www.transfermarkt.com/issahaku-fatawu/profil/spieler/864121,ghana
https://www.transfermarkt.com/kamaldeen-sulemana/profil/spieler/746695,ghana
https://www.transfermarkt.com/andre-ayew/profil/spieler/45403,ghana
https://www.transfermarkt.com/daniel-afriyie/profil/spieler/754158,ghana
https://www.transfermarkt.com/osman-bukari/profil/spieler/548650,ghana
https://www.transfermarkt.com/ransford-yeboah-konigsdorffer/profil/spieler/470038,ghana
https://www.transfermarkt.com/inaki-williams/profil/spieler/255508,ghana
https://www.transfermarkt.com/jordan-ayew/profil/spieler/108354,ghana
https://www.transfermarkt.com/felix-afena-gyan/profil/spieler/872380,ghana
https://www.transfermarkt.com/antoine-semenyo/profil/spieler/583255,ghana
https://www.transfermarkt.com/benjamin-tetteh/profil/spieler/306382,ghana
https://www.transfermarkt.com/maxime-crepeau/profil/spieler/189014,kanada
https://www.transfermarkt.com/dayne-st-clair/profil/spieler/439750,kanada
https://www.transfermarkt.com/milan-borjan/profil/spieler/67797,kanada
https://www.transfermarkt.com/kamal-miller/profil/spieler/487504,kanada
https://www.transfermarkt.com/doneil-henry/profil/spieler/157907,kanada
https://www.transfermarkt.com/scott-kennedy/profil/spieler/418300,kanada
https://www.transfermarkt.com/steven-vitoria/profil/spieler/54716,kanada
https://www.transfermarkt.com/alphonso-davies/profil/spieler/424204,kanada
https://www.transfermarkt.com/sam-adekugbe/profil/spieler/287578,kanada
https://www.transfermarkt.com/raheem-edwards/profil/spieler/367429,kanada
https://www.transfermarkt.com/alistair-johnston/profil/spieler/637446,kanada
https://www.transfermarkt.com/richie-laryea/profil/spieler/417348,kanada
https://www.transfermarkt.com/stephen-eustaquio/profil/spieler/512913,kanada
https://www.transfermarkt.com/samuel-piette/profil/spieler/189019,kanada
https://www.transfermarkt.com/atiba-hutchinson/profil/spieler/16101,kanada
https://www.transfermarkt.com/mark-anthony-kaye/profil/spieler/343553,kanada
https://www.transfermarkt.com/jonathan-osorio/profil/spieler/260807,kanada
https://www.transfermarkt.com/cyle-larin/profil/spieler/343463,kanada
https://www.transfermarkt.com/junior-hoilett/profil/spieler/58993,kanada
https://www.transfermarkt.com/luca-koleosho/profil/spieler/745461,kanada
https://www.transfermarkt.com/tajon-buchanan/profil/spieler/638793,kanada
https://www.transfermarkt.com/jonathan-david/profil/spieler/533738,kanada
https://www.transfermarkt.com/ike-ugbo/profil/spieler/339943,kanada
https://www.transfermarkt.com/lucas-cavallini/profil/spieler/221038,kanada
https://www.transfermarkt.com/charles-andreas-brym/profil/spieler/595028,kanada
https://www.transfermarkt.com/andre-onana/profil/spieler/234509,kamerun
https://www.transfermarkt.com/devis-epassy/profil/spieler/170471,kamerun
https://www.transfermarkt.com/simon-ngapandouetnbu/profil/spieler/696600,kamerun
https://www.transfermarkt.com/simon-omossola/profil/spieler/490769,kamerun
https://www.transfermarkt.com/jean-charles-castelletto/profil/spieler/182875,kamerun
https://www.transfermarkt.com/michael-ngadeu/profil/spieler/227239,kamerun
https://www.transfermarkt.com/christopher-wooh/profil/spieler/572326,kamerun
https://www.transfermarkt.com/oumar-gonzalez/profil/spieler/388795,kamerun
https://www.transfermarkt.com/duplexe-tchamba/profil/spieler/490760,kamerun
https://www.transfermarkt.com/nouhou/profil/spieler/436332,kamerun
https://www.transfermarkt.com/ambroise-oyongo/profil/spieler/184922,kamerun
https://www.transfermarkt.com/darlin-yongwa/profil/spieler/717118,kamerun
https://www.transfermarkt.com/olivier-mbaizo/profil/spieler/426944,kamerun
https://www.transfermarkt.com/collins-fai/profil/spieler/250638,kamerun
https://www.transfermarkt.com/andre-zambo-anguissa/profil/spieler/354361,kamerun
https://www.transfermarkt.com/martin-hongla/profil/spieler/398808,kamerun
https://www.transfermarkt.com/samuel-oum-gouet/profil/spieler/452238,kamerun
https://www.transfermarkt.com/gael-ondoua/profil/spieler/322309,kamerun
https://www.transfermarkt.com/olivier-ntcham/profil/spieler/224088,kamerun
https://www.transfermarkt.com/pierre-kunde/profil/spieler/339829,kamerun
https://www.transfermarkt.com/karl-toko-ekambi/profil/spieler/315110,kamerun
https://www.transfermarkt.com/nicolas-moumi-ngamaleu/profil/spieler/266768,kamerun
https://www.transfermarkt.com/georges-kevin-nkoudou/profil/spieler/215679,kamerun
https://www.transfermarkt.com/bryan-mbeumo/profil/spieler/413039,kamerun
https://www.transfermarkt.com/vincent-aboubakar/profil/spieler/147487,kamerun
https://www.transfermarkt.com/ignatius-ganago/profil/spieler/531949,kamerun
https://www.transfermarkt.com/jean-pierre-nsame/profil/spieler/225055,kamerun
https://www.transfermarkt.com/eric-maxim-choupo-moting/profil/spieler/45660,kamerun
https://www.transfermarkt.com/danny-namaso/profil/spieler/392767,kamerun
https://www.transfermarkt.com/leandre-tawamba/profil/spieler/242564,kamerun
https://www.transfermarkt.com/kevin-soni/profil/spieler/353959,kamerun
https://www.transfermarkt.com/danny-ward/profil/spieler/203026,wales
https://www.transfermarkt.com/adam-davies/profil/spieler/121254,wales
https://www.transfermarkt.com/wayne-hennessey/profil/spieler/45494,wales
https://www.transfermarkt.com/tom-king/profil/spieler/215810,wales
https://www.transfermarkt.com/ethan-ampadu/profil/spieler/392771,wales
https://www.transfermarkt.com/joe-rodon/profil/spieler/297212,wales
https://www.transfermarkt.com/chris-mepham/profil/spieler/480987,wales
https://www.transfermarkt.com/oliver-denham/profil/spieler/596215,wales
https://www.transfermarkt.com/ben-davies/profil/spieler/192765,wales
https://www.transfermarkt.com/rhys-norrington-davies/profil/spieler/543164,wales
https://www.transfermarkt.com/neco-williams/profil/spieler/503680,wales
https://www.transfermarkt.com/connor-roberts/profil/spieler/214666,wales
https://www.transfermarkt.com/chris-gunter/profil/spieler/43853,wales
https://www.transfermarkt.com/matt-smith/profil/spieler/365877,wales
https://www.transfermarkt.com/aaron-ramsey/profil/spieler/50057,wales
https://www.transfermarkt.com/joe-allen/profil/spieler/51452,wales
https://www.transfermarkt.com/dylan-levitt/profil/spieler/496652,wales
https://www.transfermarkt.com/joe-morrell/profil/spieler/293507,wales
https://www.transfermarkt.com/wes-burns/profil/spieler/255731,wales
https://www.transfermarkt.com/rubin-colwill/profil/spieler/626474,wales
https://www.transfermarkt.com/jonathan-williams/profil/spieler/170322,wales
https://www.transfermarkt.com/daniel-james/profil/spieler/319301,wales
https://www.transfermarkt.com/harry-wilson/profil/spieler/279455,wales
https://www.transfermarkt.com/rabbi-matondo/profil/spieler/404384,wales
https://www.transfermarkt.com/gareth-bale/profil/spieler/39381,wales
https://www.transfermarkt.com/sorba-thomas/profil/spieler/475416,wales
https://www.transfermarkt.com/brennan-johnson/profil/spieler/470607,wales
https://www.transfermarkt.com/kieffer-moore/profil/spieler/275590,wales
https://www.transfermarkt.com/mark-harris/profil/spieler/344012,wales
https://www.transfermarkt.com/carlos-acevedo/profil/spieler/356042,mexiko
https://www.transfermarkt.com/luis-malagon/profil/spieler/423619,mexiko
https://www.transfermarkt.com/cesar-montes/profil/spieler/387687,mexiko
https://www.transfermarkt.com/israel-reyes/profil/spieler/687558,mexiko
https://www.transfermarkt.com/jesus-angulo/profil/spieler/312568,mexiko
https://www.transfermarkt.com/jesus-gallardo/profil/spieler/344854,mexiko
https://www.transfermarkt.com/luis-reyes/profil/spieler/264133,mexiko
https://www.transfermarkt.com/kevin-alvarez/profil/spieler/572705,mexiko
https://www.transfermarkt.com/julian-araujo/profil/spieler/513970,mexiko
https://www.transfermarkt.com/emilio-lara/profil/spieler/686449,mexiko
https://www.transfermarkt.com/luis-chavez/profil/spieler/331059,mexiko
https://www.transfermarkt.com/carlos-rodriguez/profil/spieler/534620,mexiko
https://www.transfermarkt.com/erick-sanchez/profil/spieler/370875,mexiko
https://www.transfermarkt.com/luis-romo/profil/spieler/532938,mexiko
https://www.transfermarkt.com/fernando-beltran/profil/spieler/549294,mexiko
https://www.transfermarkt.com/sebastian-cordova/profil/spieler/431533,mexiko
https://www.transfermarkt.com/rodolfo-pizarro/profil/spieler/234918,mexiko
https://www.transfermarkt.com/alexis-vega/profil/spieler/424689,mexiko
https://www.transfermarkt.com/roberto-alvarado/profil/spieler/353583,mexiko
https://www.transfermarkt.com/uriel-antuna/profil/spieler/355998,mexiko
https://www.transfermarkt.com/henry-martin/profil/spieler/286339,mexiko
https://www.transfermarkt.com/eduardo-aguirre/profil/spieler/400171,mexiko
https://www.transfermarkt.com/moises-ramirez/profil/spieler/450233,ecuador
https://www.transfermarkt.com/hernan-galindez/profil/spieler/77127,ecuador
https://www.transfermarkt.com/alexander-dominguez/profil/spieler/84310,ecuador
https://www.transfermarkt.com/piero-hincapie/profil/spieler/659813,ecuador
https://www.transfermarkt.com/felix-torres/profil/spieler/468174,ecuador
https://www.transfermarkt.com/jackson-porozo/profil/spieler/491616,ecuador
https://www.transfermarkt.com/robert-arboleda/profil/spieler/139867,ecuador
https://www.transfermarkt.com/xavier-arreaga/profil/spieler/323854,ecuador
https://www.transfermarkt.com/pervis-estupinan/profil/spieler/349599,ecuador
https://www.transfermarkt.com/diego-palacios/profil/spieler/425567,ecuador
https://www.transfermarkt.com/byron-castillo/profil/spieler/400961,ecuador
https://www.transfermarkt.com/angelo-preciado/profil/spieler/450241,ecuador
https://www.transfermarkt.com/carlos-gruezo/profil/spieler/189475,ecuador
https://www.transfermarkt.com/jhegson-mendez/profil/spieler/330682,ecuador
https://www.transfermarkt.com/dixon-arroyo/profil/spieler/193929,ecuador
https://www.transfermarkt.com/jose-cifuentes/profil/spieler/450211,ecuador
https://www.transfermarkt.com/moises-caicedo/profil/spieler/687626,ecuador
https://www.transfermarkt.com/alan-franco/profil/spieler/400960,ecuador
https://www.transfermarkt.com/jeremy-sarmiento/profil/spieler/568005,ecuador
https://www.transfermarkt.com/romario-ibarra/profil/spieler/263605,ecuador
https://www.transfermarkt.com/alexander-alvarado/profil/spieler/379838,ecuador
https://www.transfermarkt.com/gonzalo-plata/profil/spieler/592735,ecuador
https://www.transfermarkt.com/angel-mena/profil/spieler/123609,ecuador
https://www.transfermarkt.com/michael-estrada/profil/spieler/265481,ecuador
https://www.transfermarkt.com/enner-valencia/profil/spieler/139503,ecuador
https://www.transfermarkt.com/leonardo-campana/profil/spieler/606872,ecuador
https://www.transfermarkt.com/jordy-caicedo/profil/spieler/360412,ecuador
https://www.transfermarkt.com/djorkaeff-reasco/profil/spieler/473346,ecuador
https://www.transfermarkt.com/mathew-ryan/profil/spieler/128969,australien
https://www.transfermarkt.com/andrew-redmayne/profil/spieler/51975,australien
https://www.transfermarkt.com/danny-vukovic/profil/spieler/43113,australien
https://www.transfermarkt.com/harry-souttar/profil/spieler/298091,australien
https://www.transfermarkt.com/milos-degenek/profil/spieler/187353,australien
https://www.transfermarkt.com/bailey-wright/profil/spieler/147419,australien
https://www.transfermarkt.com/trent-sainsbury/profil/spieler/145840,australien
https://www.transfermarkt.com/kye-rowles/profil/spieler/399990,australien
https://www.transfermarkt.com/gianni-stensness/profil/spieler/627472,australien
https://www.transfermarkt.com/aziz-behich/profil/spieler/136834,australien
https://www.transfermarkt.com/jason-davidson/profil/spieler/137669,australien
https://www.transfermarkt.com/joel-king/profil/spieler/616430,australien
https://www.transfermarkt.com/nathaniel-atkinson/profil/spieler/556038,australien
https://www.transfermarkt.com/fran-karacic/profil/spieler/367795,australien
https://www.transfermarkt.com/rhyan-grant/profil/spieler/108108,australien
https://www.transfermarkt.com/james-jeggo/profil/spieler/179467,australien
https://www.transfermarkt.com/connor-metcalfe/profil/spieler/522223,australien
https://www.transfermarkt.com/kenny-dougall/profil/spieler/334804,australien
https://www.transfermarkt.com/aaron-mooy/profil/spieler/123951,australien
https://www.transfermarkt.com/riley-mcgree/profil/spieler/428061,australien
https://www.transfermarkt.com/jackson-irvine/profil/spieler/192557,australien
https://www.transfermarkt.com/ajdin-hrustic/profil/spieler/265625,australien
https://www.transfermarkt.com/tom-rogic/profil/spieler/213672,australien
https://www.transfermarkt.com/denis-genreau/profil/spieler/470618,australien
https://www.transfermarkt.com/awer-mabil/profil/spieler/255729,australien
https://www.transfermarkt.com/craig-goodwin/profil/spieler/214798,australien
https://www.transfermarkt.com/mathew-leckie/profil/spieler/126214,australien
https://www.transfermarkt.com/ben-folami/profil/spieler/532107,australien
https://www.transfermarkt.com/martin-boyle/profil/spieler/140554,australien
https://www.transfermarkt.com/marco-tilio/profil/spieler/565531,australien
https://www.transfermarkt.com/nick-dagostino/profil/spieler/399165,australien
https://www.transfermarkt.com/jamie-maclaren/profil/spieler/173591,australien
https://www.transfermarkt.com/adam-taggart/profil/spieler/171721,australien
https://www.transfermarkt.com/mitchell-duke/profil/spieler/177775,australien
https://www.transfermarkt.com/bruno-fornaroli/profil/spieler/72651,australien
https://www.transfermarkt.com/bechir-ben-said/profil/spieler/348144,tunesien
https://www.transfermarkt.com/aymen-dahmen/profil/spieler/569433,tunesien
https://www.transfermarkt.com/mohamed-sedki-debchi/profil/spieler/572190,tunesien
https://www.transfermarkt.com/dylan-bronn/profil/spieler/450417,tunesien
https://www.transfermarkt.com/montassar-talbi/profil/spieler/496706,tunesien
https://www.transfermarkt.com/omar-rekik/profil/spieler/578292,tunesien
https://www.transfermarkt.com/nader-ghandri/profil/spieler/275956,tunesien
https://www.transfermarkt.com/bilel-ifa/profil/spieler/93447,tunesien
https://www.transfermarkt.com/ali-abdi/profil/spieler/211474,tunesien
https://www.transfermarkt.com/ali-maaloul/profil/spieler/133042,tunesien
https://www.transfermarkt.com/mortadha-ben-ouanes/profil/spieler/230921,tunesien
https://www.transfermarkt.com/rami-kaib/profil/spieler/274373,tunesien
https://www.transfermarkt.com/mohamed-drager/profil/spieler/192167,tunesien
https://www.transfermarkt.com/hamza-mathlouthi/profil/spieler/169399,tunesien
https://www.transfermarkt.com/ellyes-skhiri/profil/spieler/290587,tunesien
https://www.transfermarkt.com/anis-slimane/profil/spieler/546712,tunesien
https://www.transfermarkt.com/aissa-laidouni/profil/spieler/233782,tunesien
https://www.transfermarkt.com/ferjani-sassi/profil/spieler/191903,tunesien
https://www.transfermarkt.com/ghaylen-chaaleli/profil/spieler/346776,tunesien
https://www.transfermarkt.com/chaim-el-djebali/profil/spieler/743501,tunesien
https://www.transfermarkt.com/hannibal-mejbri/profil/spieler/607224,tunesien
https://www.transfermarkt.com/saif-eddine-khaoui/profil/spieler/270411,tunesien
https://www.transfermarkt.com/naim-sliti/profil/spieler/184491,tunesien
https://www.transfermarkt.com/youssef-msakni/profil/spieler/69110,tunesien
https://www.transfermarkt.com/sayfallah-ltaief/profil/spieler/388220,tunesien
https://www.transfermarkt.com/issam-jebali/profil/spieler/122635,tunesien
https://www.transfermarkt.com/wahbi-khazri/profil/spieler/103565,tunesien
https://www.transfermarkt.com/seifeddine-jaziri/profil/spieler/209304,tunesien
https://www.transfermarkt.com/taha-yassine-khenissi/profil/spieler/142252,tunesien
https://www.transfermarkt.com/mohammed-al-rubaie/profil/spieler/509914,saudi-arabien
https://www.transfermarkt.com/mohammed-al-owais/profil/spieler/262845,saudi-arabien
https://www.transfermarkt.com/fawaz-al-qarni/profil/spieler/193167,saudi-arabien
https://www.transfermarkt.com/amin-al-bukhari/profil/spieler/509875,saudi-arabien
https://www.transfermarkt.com/ziyad-al-sahafi/profil/spieler/421391,saudi-arabien
https://www.transfermarkt.com/abdulelah-al-amri/profil/spieler/509894,saudi-arabien
https://www.transfermarkt.com/ali-al-oujami/profil/spieler/264909,saudi-arabien
https://www.transfermarkt.com/hassan-tambakti/profil/spieler/509897,saudi-arabien
https://www.transfermarkt.com/ali-al-boleahi/profil/spieler/229877,saudi-arabien
https://www.transfermarkt.com/yasser-al-shahrani/profil/spieler/171915,saudi-arabien
https://www.transfermarkt.com/sultan-al-ghannam/profil/spieler/435045,saudi-arabien
https://www.transfermarkt.com/mohammed-al-burayk/profil/spieler/379058,saudi-arabien
https://www.transfermarkt.com/nasser-al-dawsari/profil/spieler/509911,saudi-arabien
https://www.transfermarkt.com/ali-al-hassan/profil/spieler/141805,saudi-arabien
https://www.transfermarkt.com/abdullah-otayf/profil/spieler/193159,saudi-arabien
https://www.transfermarkt.com/mohamed-kanno/profil/spieler/308120,saudi-arabien
https://www.transfermarkt.com/salman-al-faraj/profil/spieler/155487,saudi-arabien
https://www.transfermarkt.com/sami-al-najei/profil/spieler/434672,saudi-arabien
https://www.transfermarkt.com/abdulrahman-ghareeb/profil/spieler/164593,saudi-arabien
https://www.transfermarkt.com/salem-al-dawsari/profil/spieler/195332,saudi-arabien
https://www.transfermarkt.com/khalid-al-ghannam/profil/spieler/631923,saudi-arabien
https://www.transfermarkt.com/abdulaziz-al-bishi/profil/spieler/153350,saudi-arabien
https://www.transfermarkt.com/abdulrahman-al-obood/profil/spieler/441191,saudi-arabien
https://www.transfermarkt.com/hattan-bahebri/profil/spieler/201379,saudi-arabien
https://www.transfermarkt.com/firas-al-buraikan/profil/spieler/631922,saudi-arabien
https://www.transfermarkt.com/abdullah-al-hamdan/profil/spieler/68626,saudi-arabien
https://www.transfermarkt.com/keisuke-osako/profil/spieler/415521,japan
https://www.transfermarkt.com/kosei-tani/profil/spieler/405382,japan
https://www.transfermarkt.com/zion-suzuki/profil/spieler/432298,japan
https://www.transfermarkt.com/shogo-taniguchi/profil/spieler/307870,japan
https://www.transfermarkt.com/shinnosuke-nakatani/profil/spieler/275532,japan
https://www.transfermarkt.com/shinnosuke-hatanaka/profil/spieler/310916,japan
https://www.transfermarkt.com/tomoki-iwata/profil/spieler/356236,japan
https://www.transfermarkt.com/sho-sasaki/profil/spieler/213249,japan
https://www.transfermarkt.com/hayato-araki/profil/spieler/602314,japan
https://www.transfermarkt.com/takuma-ominami/profil/spieler/423112,japan
https://www.transfermarkt.com/daiki-sugioka/profil/spieler/489408,japan
https://www.transfermarkt.com/miki-yamane/profil/spieler/395589,japan
https://www.transfermarkt.com/ryuta-koike/profil/spieler/315666,japan
https://www.transfermarkt.com/kento-hashimoto/profil/spieler/183436,japan
https://www.transfermarkt.com/joel-chima-fujita/profil/spieler/697277,japan
https://www.transfermarkt.com/kota-mizunuma/profil/spieler/79419,japan
https://www.transfermarkt.com/tsukasa-morishima/profil/spieler/351564,japan
https://www.transfermarkt.com/yasuto-wakizaka/profil/spieler/512699,japan
https://www.transfermarkt.com/gakuto-notsuda/profil/spieler/218277,japan
https://www.transfermarkt.com/yuki-soma/profil/spieler/594069,japan
https://www.transfermarkt.com/yuto-iwasaki/profil/spieler/353880,japan
https://www.transfermarkt.com/makoto-mitsuta/profil/spieler/683327,japan
https://www.transfermarkt.com/ryo-miyaichi/profil/spieler/129688,japan
https://www.transfermarkt.com/takuma-nishimura/profil/spieler/353567,japan
https://www.transfermarkt.com/shuto-machino/profil/spieler/550580,japan
https://www.transfermarkt.com/mao-hosoya/profil/spieler/663514,japan
https://www.transfermarkt.com/hyeon-woo-jo/profil/spieler/260171,sudkorea
https://www.transfermarkt.com/bum-keun-song/profil/spieler/508237,sudkorea
https://www.transfermarkt.com/seung-gyu-kim/profil/spieler/92076,sudkorea
https://www.transfermarkt.com/min-jae-kim/profil/spieler/503482,sudkorea
https://www.transfermarkt.com/kyung-won-kwon/profil/spieler/260189,sudkorea
https://www.transfermarkt.com/yu-min-cho/profil/spieler/561212,sudkorea
https://www.transfermarkt.com/young-gwon-kim/profil/spieler/126640,sudkorea
https://www.transfermarkt.com/jin-su-kim/profil/spieler/132529,sudkorea
https://www.transfermarkt.com/chul-hong/profil/spieler/151791,sudkorea
https://www.transfermarkt.com/tae-hwan-kim/profil/spieler/156009,sudkorea
https://www.transfermarkt.com/moon-hwan-kim/profil/spieler/524592,sudkorea
https://www.transfermarkt.com/jong-gyu-yoon/profil/spieler/402163,sudkorea
https://www.transfermarkt.com/jun-ho-son/profil/spieler/312446,sudkorea
https://www.transfermarkt.com/woo-young-jung/profil/spieler/171935,sudkorea
https://www.transfermarkt.com/in-beom-hwang/profil/spieler/365394,sudkorea
https://www.transfermarkt.com/seung-ho-paik/profil/spieler/282689,sudkorea
https://www.transfermarkt.com/kang-in-lee/profil/spieler/557149,sudkorea
https://www.transfermarkt.com/jae-sung-lee/profil/spieler/314398,sudkorea
https://www.transfermarkt.com/heung-min-son/profil/spieler/91845,sudkorea
https://www.transfermarkt.com/sang-ho-na/profil/spieler/508381,sudkorea
https://www.transfermarkt.com/chang-hoon-kwon/profil/spieler/259350,sudkorea
https://www.transfermarkt.com/hyun-jun-yang/profil/spieler/853110,sudkorea
https://www.transfermarkt.com/woo-yeong-jeong/profil/spieler/297583,sudkorea
https://www.transfermarkt.com/hee-chan-hwang/profil/spieler/292246,sudkorea
https://www.transfermarkt.com/ui-jo-hwang/profil/spieler/260166,sudkorea
https://www.transfermarkt.com/gue-sung-cho/profil/spieler/652537,sudkorea
https://www.transfermarkt.com/meshaal-barsham/profil/spieler/560423,katar
https://www.transfermarkt.com/saad-al-sheeb/profil/spieler/143539,katar
https://www.transfermarkt.com/yousef-hassan/profil/spieler/462353,katar
https://www.transfermarkt.com/tarek-salman/profil/spieler/311730,katar
https://www.transfermarkt.com/pedro-miguel/profil/spieler/228727,katar
https://www.transfermarkt.com/bassam-al-rawi/profil/spieler/376232,katar
https://www.transfermarkt.com/boualem-khoukhi/profil/spieler/222669,katar
https://www.transfermarkt.com/abdelkarim-hassan/profil/spieler/171412,katar
https://www.transfermarkt.com/homam-ahmed/profil/spieler/556713,katar
https://www.transfermarkt.com/musab-khoder/profil/spieler/308650,katar
https://www.transfermarkt.com/karim-boudiaf/profil/spieler/222385,katar
https://www.transfermarkt.com/assim-madibo/profil/spieler/336667,katar
https://www.transfermarkt.com/salem-al-hajri/profil/spieler/375745,katar
https://www.transfermarkt.com/ahmed-fadel/profil/spieler/257063,katar
https://www.transfermarkt.com/abdulaziz-hatem/profil/spieler/113915,katar
https://www.transfermarkt.com/mohammed-waad/profil/spieler/481935,katar
https://www.transfermarkt.com/abdullah-al-ahrak/profil/spieler/375744,katar
https://www.transfermarkt.com/ali-asad/profil/spieler/150884,katar
https://www.transfermarkt.com/akram-afif/profil/spieler/336646,katar
https://www.transfermarkt.com/abdelrahman-moustafa/profil/spieler/415049,katar
https://www.transfermarkt.com/khalid-muneer-mazeed/profil/spieler/551686,katar
https://www.transfermarkt.com/hasan-al-haydos/profil/spieler/86286,katar
https://www.transfermarkt.com/hazem-ahmed/profil/spieler/449710,katar
https://www.transfermarkt.com/ismaeel-mohammed/profil/spieler/223908,katar
https://www.transfermarkt.com/almoez-ali/profil/spieler/345095,katar
https://www.transfermarkt.com/ahmed-alaaeldin/profil/spieler/187987,katar
https://www.transfermarkt.com/mohammed-muntari/profil/spieler/266935,katar
https://www.transfermarkt.com/keylor-navas/profil/spieler/79422,costa-rica
https://www.transfermarkt.com/aaron-cruz/profil/spieler/192326,costa-rica
https://www.transfermarkt.com/leonel-moreira/profil/spieler/126911,costa-rica
https://www.transfermarkt.com/juan-pablo-vargas/profil/spieler/271907,costa-rica
https://www.transfermarkt.com/francisco-calvo/profil/spieler/188470,costa-rica
https://www.transfermarkt.com/oscar-duarte/profil/spieler/175323,costa-rica
https://www.transfermarkt.com/kendall-waston/profil/spieler/195540,costa-rica
https://www.transfermarkt.com/ian-lawrence/profil/spieler/782887,costa-rica
https://www.transfermarkt.com/bryan-oviedo/profil/spieler/124983,costa-rica
https://www.transfermarkt.com/keysher-fuller/profil/spieler/525122,costa-rica
https://www.transfermarkt.com/carlos-martinez/profil/spieler/511169,costa-rica
https://www.transfermarkt.com/orlando-galo/profil/spieler/549756,costa-rica
https://www.transfermarkt.com/daniel-chacon/profil/spieler/524992,costa-rica
https://www.transfermarkt.com/yeltsin-tejeda/profil/spieler/194218,costa-rica
https://www.transfermarkt.com/celso-borges/profil/spieler/81532,costa-rica
https://www.transfermarkt.com/gerson-torres/profil/spieler/372737,costa-rica
https://www.transfermarkt.com/brandon-aguilera/profil/spieler/631996,costa-rica
https://www.transfermarkt.com/bryan-ruiz/profil/spieler/39642,costa-rica
https://www.transfermarkt.com/jewison-bennette/profil/spieler/743627,costa-rica
https://www.transfermarkt.com/joel-campbell/profil/spieler/131248,costa-rica
https://www.transfermarkt.com/carlos-mora/profil/spieler/740789,costa-rica
https://www.transfermarkt.com/anthony-contreras/profil/spieler/483362,costa-rica
https://www.transfermarkt.com/johan-venegas/profil/spieler/195424,costa-rica
https://www.transfermarkt.com/alireza-beiranvand/profil/spieler/229081,iran
https://www.transfermarkt.com/payam-niazmand/profil/spieler/343044,iran
https://www.transfermarkt.com/hossein-hosseini/profil/spieler/132561,iran
https://www.transfermarkt.com/morteza-pouraliganji/profil/spieler/132563,iran
https://www.transfermarkt.com/armin-sohrabian/profil/spieler/302899,iran
https://www.transfermarkt.com/aref-aghasi/profil/spieler/385102,iran
https://www.transfermarkt.com/saman-fallah/profil/spieler/852386,iran
https://www.transfermarkt.com/omid-noorafkan/profil/spieler/332274,iran
https://www.transfermarkt.com/abolfazl-jalali/profil/spieler/599240,iran
https://www.transfermarkt.com/saleh-hardani/profil/spieler/697155,iran
https://www.transfermarkt.com/ramin-rezaeian/profil/spieler/188312,iran
https://www.transfermarkt.com/mehdi-shiri/profil/spieler/280298,iran
https://www.transfermarkt.com/milad-sarlak/profil/spieler/302898,iran
https://www.transfermarkt.com/reza-asadi/profil/spieler/408805,iran
https://www.transfermarkt.com/mehdi-mehdipour/profil/spieler/280033,iran
https://www.transfermarkt.com/yasin-salmani/profil/spieler/616797,iran
https://www.transfermarkt.com/seyed-mohammad-karimi/profil/spieler/560057,iran
https://www.transfermarkt.com/mohammad-khodabandelou/profil/spieler/557151,iran
https://www.transfermarkt.com/seyed-mehdi-hosseini/profil/spieler/286979,iran
https://www.transfermarkt.com/mehdi-ghayedi/profil/spieler/478192,iran
https://www.transfermarkt.com/mehdi-torabi/profil/spieler/283833,iran
https://www.transfermarkt.com/mohammad-mohebi/profil/spieler/603149,iran
https://www.transfermarkt.com/saeid-sadeghi/profil/spieler/305528,iran
https://www.transfermarkt.com/shahriar-moghanlou/profil/spieler/357125,iran
